tradeno,tradedate,tradetime,secid,price,quantity,value,buysell,tradingsession
1,06.03.2008,9:39,ROSN,3132.13,1766,5531341.58,B,1
2,15.03.2014,22:01,ROSN,1376.52,1202,1654577.04,B,1
3,18.01.2015,16:38,ROSN,147.99,1389,205558.11,S,1
4,03.05.2002,21:41,ROSN,1322.87,1077,1424730.99,S,1
5,30.07.2012,0:18,ROSN,4064.77,389,1581195.53,S,1
6,17.06.2022,5:38,ROSN,1399.96,1368,1915145.28,S,1
7,31.03.2013,23:04,ROSN,3835.36,1335,5120205.6,B,1
8,07.03.2017,7:58,ROSN,3196.54,623,1991444.42,S,1
9,17.03.2022,18:53,ROSN,1710.32,528,903048.96,B,1
10,15.01.2019,3:47,ROSN,3130.16,786,2460305.76,B,1
11,16.03.2019,19:26,ROSN,81.12,865,70168.8,B,1
12,14.02.2018,17:26,ROSN,3535.26,405,1431780.3,S,1
13,14.10.2010,9:21,ROSN,4428.76,1864,8255208.64,B,1
14,08.10.2022,3:05,ROSN,864.96,1716,1484271.36,B,1
15,19.03.2018,7:41,ROSN,3905.59,1230,4803875.7,B,1
16,18.05.2002,12:38,ROSN,3802.25,1096,4167266.0,S,1
17,06.05.2017,11:14,ROSN,2009.09,1313,2637935.17,S,1
18,08.06.2014,11:33,ROSN,21.19,1225,25957.75,S,1
19,22.02.2009,1:14,ROSN,97.99,1634,160115.66,S,1
20,22.12.2004,16:00,ROSN,2904.83,1957,5684752.31,S,1
21,28.02.2001,22:57,ROSN,160.51,906,145422.06,S,1
22,13.06.2014,18:58,ROSN,2591.55,492,1275042.6,S,1
23,16.11.2005,22:44,ROSN,4841.61,1296,6274726.56,B,1
24,11.07.2022,8:50,ROSN,2106.06,1110,2337726.6,S,1
25,04.05.2001,21:34,ROSN,4069.18,1754,7137341.72,B,1
26,25.01.2021,19:38,ROSN,1910.38,1394,2663069.72,S,1
27,10.11.2021,11:59,ROSN,4122.36,1601,6599898.36,S,1
28,20.12.2017,14:45,ROSN,1780.3,1988,3539236.4,S,1
29,06.07.2010,0:18,ROSN,4139.76,589,2438318.64,S,1
30,06.12.2017,6:15,ROSN,1339.74,694,929779.56,S,1
31,17.03.2021,1:04,ROSN,2153.73,437,941180.01,B,1
32,26.05.2016,2:16,ROSN,4981.53,977,4866954.81,B,1
33,16.01.2017,4:10,ROSN,1281.93,1563,2003656.59,S,1
34,11.02.2016,16:06,ROSN,2155.53,1032,2224506.96,B,1
35,19.08.2018,4:49,ROSN,2764.27,685,1893524.95,S,1
36,07.03.2006,17:51,ROSN,783.09,218,170713.62,B,1
37,05.12.2011,19:35,ROSN,92.15,481,44324.15,B,1
38,13.10.2011,7:49,ROSN,3164.24,1667,5274788.08,B,1
39,23.01.2014,3:55,ROSN,1617.25,1457,2356333.25,S,1
40,18.01.2011,16:36,ROSN,454.73,1572,714835.56,S,1
41,14.01.2010,8:17,ROSN,4218.89,385,1624272.65,B,1
42,29.09.2002,10:40,ROSN,263.06,292,76813.52,S,1
43,17.07.2015,20:09,ROSN,1790.14,634,1134948.76,B,1
44,23.03.2019,17:27,ROSN,1298.59,1986,2578999.74,B,1
45,14.04.2021,4:16,ROSN,2745.98,1779,4885098.42,B,1
46,28.04.2011,18:45,ROSN,2115.19,858,1814833.02,B,1
47,25.05.2008,5:31,ROSN,2335.78,216,504528.48,B,1
48,10.10.2016,16:49,ROSN,2334.16,1024,2390179.84,S,1
49,20.01.2014,12:44,ROSN,3648.96,684,2495888.64,B,1
50,23.02.2010,1:58,ROSN,1541.96,359,553563.64,B,1
51,27.11.2021,16:19,ROSN,1364.2,356,485655.2,B,1
52,22.08.2007,17:13,ROSN,1757.1,1722,3025726.2,B,1
53,06.06.2007,6:29,ROSN,4148.02,92,381617.84,S,1
54,28.04.2005,21:11,ROSN,3455.58,1193,4122506.94,S,1
55,07.06.2007,5:49,ROSN,2060.85,1036,2135040.6,S,1
56,15.04.2012,12:34,ROSN,4701.26,924,4343964.24,B,1
57,04.12.2012,13:52,ROSN,2184.39,624,1363059.36,S,1
58,16.08.2023,4:25,ROSN,464.77,1716,797545.32,S,1
59,12.12.2019,4:32,ROSN,831.39,1387,1153137.93,B,1
60,17.06.2009,17:30,ROSN,1452.82,1425,2070268.5,B,1
61,13.09.2011,16:27,ROSN,3840.14,1732,6651122.48,S,1
62,27.04.2015,14:14,ROSN,568.12,1883,1069769.96,S,1
63,12.06.2014,21:40,ROSN,1251.58,1903,2381756.74,B,1
64,06.10.2009,8:35,ROSN,141.89,698,99039.22,S,1
65,19.06.2003,12:39,ROSN,4755.06,454,2158797.24,S,1
66,21.11.2005,12:48,ROSN,1632.25,1311,2139879.75,S,1
67,25.07.2006,15:43,ROSN,3457.49,1778,6147417.22,B,1
68,14.07.2013,16:53,ROSN,1591.93,1049,1669934.57,B,1
69,03.02.2018,3:59,ROSN,4232.0,1115,4718680.0,S,1
70,29.02.2008,1:55,ROSN,2043.35,814,1663286.9,B,1
71,23.03.2013,2:26,ROSN,392.95,208,81733.6,S,1
72,02.11.2015,20:42,ROSN,3503.38,1623,5685985.74,S,1
73,08.04.2001,15:18,ROSN,4964.27,1648,8181116.96,B,1
74,05.11.2004,19:56,ROSN,2683.45,1496,4014441.2,S,1
75,27.07.2006,1:57,ROSN,4052.46,195,790229.7,B,1
76,09.01.2012,23:20,ROSN,1407.5,1506,2119695.0,B,1
77,05.11.2004,15:28,ROSN,1565.91,103,161288.73,B,1
78,22.03.2006,12:18,ROSN,3826.73,1949,7458296.77,B,1
79,03.02.2017,14:30,ROSN,1165.23,1341,1562573.43,S,1
80,26.09.2001,20:13,ROSN,1065.22,1415,1507286.3,S,1
81,10.04.2007,23:33,ROSN,1443.56,1732,2500245.92,B,1
82,10.06.2019,22:57,ROSN,879.42,1929,1696401.18,S,1
83,13.04.2010,0:30,ROSN,4634.67,366,1696289.22,B,1
84,06.03.2003,12:57,ROSN,574.94,1024,588738.56,B,1
85,25.04.2020,15:45,ROSN,2049.96,187,383342.52,S,1
86,13.05.2005,14:36,ROSN,4645.6,61,283381.6,B,1
87,01.02.2018,12:51,ROSN,484.18,805,389764.9,S,1
88,07.11.2008,18:23,ROSN,3192.99,939,2998217.61,S,1
89,16.12.2021,15:50,ROSN,1044.42,369,385390.98,B,1
90,20.08.2000,13:37,ROSN,428.69,1223,524287.87,S,1
91,10.05.2002,12:26,ROSN,471.59,745,351334.55,B,1
92,27.05.2019,2:38,ROSN,1231.66,704,867088.64,S,1
93,11.05.2008,17:38,ROSN,911.84,1265,1153477.6,S,1
94,26.10.2020,15:50,ROSN,3197.72,32,102327.04,S,1
95,28.11.2000,11:59,ROSN,3394.77,1776,6029111.52,B,1
96,27.10.2007,22:31,ROSN,1129.48,1828,2064689.44,S,1
97,05.01.2009,13:56,ROSN,1097.8,1709,1876140.2,B,1
98,13.09.2022,12:37,ROSN,11.66,866,10097.56,S,1
99,12.01.2011,15:50,ROSN,3341.68,960,3208012.8,S,1
100,14.03.2015,20:29,ROSN,724.24,1970,1426752.8,S,1
101,16.01.2016,14:38,ROSN,1733.32,645,1117991.4,S,1
102,11.07.2005,18:08,ROSN,1396.75,1382,1930308.5,B,1
103,06.12.2003,1:52,ROSN,193.36,718,138832.48,B,1
104,17.07.2010,13:27,ROSN,2049.35,1447,2965409.45,S,1
105,20.07.2010,22:57,ROSN,452.12,205,92684.6,S,1
106,15.06.2008,5:31,ROSN,825.89,669,552520.41,S,1
107,24.01.2005,14:01,ROSN,3281.8,128,420070.4,B,1
108,12.11.2010,7:22,ROSN,198.45,1587,314940.15,S,1
109,23.02.2002,4:20,ROSN,554.66,1138,631203.08,B,1
110,30.09.2014,16:26,ROSN,2377.04,1852,4402278.08,S,1
111,23.10.2017,11:14,ROSN,4814.65,1896,9128576.4,S,1
112,07.10.2004,13:52,ROSN,2223.47,1910,4246827.7,S,1
113,01.02.2004,10:39,ROSN,3104.85,1484,4607597.4,S,1
114,17.05.2020,16:33,ROSN,3547.46,1408,4994823.68,B,1
115,29.01.2002,0:03,ROSN,2083.94,291,606426.54,S,1
116,16.08.2004,22:24,ROSN,3700.43,1412,5225007.16,B,1
117,16.01.2007,1:44,ROSN,3845.61,1462,5622281.82,S,1
118,19.11.2019,2:33,ROSN,4342.38,982,4264217.16,S,1
119,01.02.2002,8:09,ROSN,4669.15,250,1167287.5,S,1
120,05.01.2011,3:32,ROSN,4815.86,797,3838240.42,B,1
121,05.08.2002,18:16,ROSN,3957.71,281,1112116.51,B,1
122,04.12.2002,17:26,ROSN,3225.67,622,2006366.74,B,1
123,25.08.2014,22:35,ROSN,4160.59,246,1023505.14,S,1
124,03.10.2000,11:22,ROSN,852.24,1697,1446251.28,B,1
125,06.06.2018,19:01,ROSN,4614.39,865,3991447.35,B,1
126,01.04.2004,14:42,ROSN,3544.66,1919,6802202.54,B,1
127,05.04.2003,15:01,ROSN,1518.7,1105,1678163.5,S,1
128,28.03.2000,21:42,ROSN,4219.98,784,3308464.32,S,1
129,10.07.2007,5:20,ROSN,779.81,246,191833.26,S,1
130,31.03.2011,16:55,ROSN,654.09,600,392454.0,S,1
131,04.03.2001,0:55,ROSN,3504.51,1668,5845522.68,B,1
132,15.11.2009,22:22,ROSN,1436.89,565,811842.85,S,1
133,16.04.2011,7:00,ROSN,862.21,1720,1483001.2,S,1
134,06.08.2016,1:48,ROSN,978.84,477,466906.68,S,1
135,04.07.2003,15:09,ROSN,184.15,380,69977.0,B,1
136,16.06.2006,2:31,ROSN,3459.08,884,3057826.72,S,1
137,07.08.2009,18:23,ROSN,392.23,937,367519.51,S,1
138,22.10.2014,1:27,ROSN,2288.13,593,1356861.09,S,1
139,17.10.2016,8:00,ROSN,969.68,1564,1516579.52,B,1
140,04.09.2004,13:04,ROSN,4196.7,1982,8317859.4,S,1
141,10.12.2005,22:44,ROSN,84.68,667,56481.56,B,1
142,23.12.2005,4:18,ROSN,2087.67,1752,3657597.84,S,1
143,06.03.2016,6:19,ROSN,777.65,1544,1200691.6,B,1
144,17.10.2003,23:41,ROSN,1747.78,1177,2057137.06,S,1
145,14.09.2016,9:47,ROSN,4339.63,1990,8635863.7,S,1
146,08.11.2021,22:59,ROSN,633.07,83,52544.81,B,1
147,28.08.2001,14:16,ROSN,4389.24,1550,6803322.0,S,1
148,10.11.2009,10:30,ROSN,4111.82,890,3659519.8,S,1
149,04.04.2023,13:24,ROSN,4920.2,1896,9328699.2,B,1
150,17.10.2004,2:09,ROSN,195.67,1711,334791.37,S,1
151,09.01.2017,17:13,ROSN,457.7,1453,665038.1,B,1
152,22.01.2016,1:30,ROSN,3228.05,892,2879420.6,S,1
153,07.04.2005,15:36,ROSN,2168.13,1426,3091753.38,S,1
154,22.12.2014,23:56,ROSN,570.37,464,264651.68,S,1
155,15.03.2003,4:59,ROSN,1544.01,361,557387.61,S,1
156,06.08.2021,1:44,ROSN,3166.94,1548,4902423.12,B,1
157,31.08.2020,20:34,ROSN,4107.48,1177,4834503.96,B,1
158,20.07.2007,11:11,ROSN,3830.89,1689,6470373.21,S,1
159,24.06.2010,3:25,ROSN,1285.05,247,317407.35,S,1
160,23.03.2005,7:08,ROSN,252.85,1639,414421.15,B,1
161,10.02.2023,15:44,ROSN,3851.48,581,2237709.88,B,1
162,05.04.2007,16:48,ROSN,2534.71,72,182499.12,S,1
163,24.02.2008,22:03,ROSN,4790.75,1044,5001543.0,S,1
164,11.12.2000,1:11,ROSN,1418.59,774,1097988.66,S,1
165,30.11.2001,19:57,ROSN,3791.19,140,530766.6,B,1
166,20.12.2021,7:59,ROSN,4443.01,1695,7530901.95,S,1
167,02.09.2019,11:50,ROSN,1592.59,32,50962.88,S,1
168,21.09.2017,21:41,ROSN,1463.51,1759,2574314.09,B,1
169,18.04.2018,2:40,ROSN,2968.88,692,2054464.96,S,1
170,28.04.2002,2:24,ROSN,985.39,1681,1656440.59,B,1
171,15.05.2006,4:18,ROSN,1728.3,1731,2991687.3,B,1
172,15.03.2001,8:38,ROSN,3601.03,94,338496.82,S,1
173,05.02.2017,19:17,ROSN,2260.36,518,1170866.48,B,1
174,13.09.2003,4:05,ROSN,2910.46,874,2543742.04,B,1
175,16.09.2016,11:15,ROSN,4214.4,1044,4399833.6,S,1
176,20.04.2006,6:00,ROSN,4630.93,1463,6775050.59,S,1
177,10.05.2012,9:45,ROSN,1842.54,1276,2351081.04,S,1
178,12.03.2002,18:29,ROSN,4359.68,172,749864.96,S,1
179,18.02.2013,11:40,ROSN,1345.9,618,831766.2,B,1
180,27.02.2004,9:47,ROSN,3441.15,187,643495.05,B,1
181,10.01.2000,20:20,ROSN,852.92,1901,1621400.92,S,1
182,31.03.2005,3:48,ROSN,4008.28,82,328678.96,S,1
183,25.06.2011,9:36,ROSN,2315.66,1287,2980254.42,S,1
184,08.12.2019,11:02,ROSN,168.08,80,13446.4,B,1
185,15.07.2019,22:15,ROSN,4053.27,208,843080.16,S,1
186,12.09.2008,14:12,ROSN,1602.13,10,16021.3,B,1
187,31.10.2006,1:31,ROSN,3040.9,1851,5628705.9,S,1
188,12.11.2000,22:43,ROSN,3705.79,260,963505.4,B,1
189,20.11.2007,3:18,ROSN,1622.96,46,74656.16,B,1
190,25.03.2008,1:14,ROSN,2684.2,1392,3736406.4,B,1
191,22.03.2013,4:16,ROSN,1472.49,835,1229529.15,B,1
192,05.07.2008,4:20,ROSN,665.86,399,265678.14,B,1
193,30.12.2017,22:30,ROSN,785.35,1446,1135616.1,S,1
194,05.08.2000,0:11,ROSN,3211.72,545,1750387.4,B,1
195,13.10.2022,2:15,ROSN,4875.45,888,4329399.6,B,1
196,21.05.2019,21:29,ROSN,3315.57,1218,4038364.26,S,1
197,05.02.2010,2:04,ROSN,4352.75,17,73996.75,S,1
198,16.04.2012,0:18,ROSN,225.51,1416,319322.16,B,1
199,27.03.2001,5:01,ROSN,855.99,1332,1140178.68,B,1
200,30.01.2002,7:20,ROSN,4263.19,712,3035391.28,S,1
201,31.10.2010,12:44,ROSN,2151.24,1630,3506521.2,S,1
202,01.07.2006,5:07,ROSN,3834.9,1973,7566257.7,S,1
203,24.01.2022,10:55,ROSN,1884.22,1384,2607760.48,B,1
204,15.12.2009,12:44,ROSN,356.29,1295,461395.55,B,1
205,20.03.2002,15:22,ROSN,3301.35,552,1822345.2,B,1
206,21.03.2004,13:31,ROSN,3447.45,427,1472061.15,S,1
207,17.12.2021,18:52,ROSN,973.7,1637,1593946.9,B,1
208,07.12.2006,19:19,ROSN,3570.25,1835,6551408.75,S,1
209,12.01.2010,12:26,ROSN,1976.86,1748,3455551.28,S,1
210,12.03.2005,12:40,ROSN,174.51,1503,262288.53,B,1
211,01.07.2000,9:17,ROSN,2391.98,1827,4370147.46,S,1
212,15.06.2009,17:58,ROSN,4057.13,1132,4592671.16,S,1
213,01.06.2015,9:52,ROSN,1600.48,806,1289986.88,S,1
214,18.12.2007,13:54,ROSN,4080.52,849,3464361.48,B,1
215,22.08.2016,5:17,ROSN,4987.11,6,29922.66,S,1
216,05.08.2005,21:27,ROSN,4079.67,227,926085.09,B,1
217,04.07.2020,11:46,ROSN,3401.75,403,1370905.25,S,1
218,26.05.2021,2:34,ROSN,811.02,789,639894.78,B,1
219,22.10.2004,4:19,ROSN,4055.48,1135,4602969.8,B,1
220,08.07.2023,5:19,ROSN,716.49,630,451388.7,B,1
221,24.01.2022,20:05,ROSN,1011.1,1151,1163776.1,S,1
222,25.07.2014,7:11,ROSN,4845.78,83,402199.74,B,1
223,15.02.2018,18:19,ROSN,1228.09,526,645975.34,S,1
224,14.12.2013,7:01,ROSN,1985.83,233,462698.39,S,1
225,14.04.2001,6:45,ROSN,1565.05,125,195631.25,S,1
226,08.04.2010,23:06,ROSN,4558.45,657,2994901.65,S,1
227,19.08.2014,11:36,ROSN,1432.38,1066,1526917.08,S,1
228,21.05.2006,17:08,ROSN,4561.59,1271,5797780.89,B,1
229,12.05.2003,9:41,ROSN,3757.07,1250,4696337.5,B,1
230,10.09.2000,10:01,ROSN,26.43,150,3964.5,S,1
231,20.01.2007,23:07,ROSN,571.7,1778,1016482.6,S,1
232,25.11.2012,16:22,ROSN,3107.21,1867,5801161.07,B,1
233,21.07.2019,7:34,ROSN,3525.65,1486,5239115.9,B,1
234,26.06.2017,4:13,ROSN,3711.18,1283,4761443.94,B,1
235,14.02.2004,9:48,ROSN,3252.82,1754,5705446.28,S,1
236,03.04.2012,22:07,ROSN,1842.81,1393,2567034.33,S,1
237,10.10.2023,5:29,ROSN,2725.37,1772,4829355.64,B,1
238,09.12.2008,3:10,ROSN,3185.21,1369,4360552.49,S,1
239,13.05.2023,9:17,ROSN,1043.64,437,456070.68,S,1
240,13.09.2015,9:04,ROSN,3715.53,1941,7211843.73,S,1
241,26.04.2011,10:49,ROSN,2316.23,1220,2825800.6,S,1
242,27.01.2007,6:29,ROSN,120.25,601,72270.25,S,1
243,12.02.2020,4:20,ROSN,167.4,1092,182800.8,S,1
244,17.10.2021,16:32,ROSN,1214.18,314,381252.52,S,1
245,30.05.2021,22:37,ROSN,4261.21,1384,5897514.64,B,1
246,30.11.2004,10:59,ROSN,4622.05,120,554646.0,S,1
247,10.05.2006,12:16,ROSN,4551.61,1143,5202490.23,S,1
248,17.01.2017,17:37,ROSN,708.9,1826,1294451.4,B,1
249,12.07.2021,17:07,ROSN,317.63,1200,381156.0,B,1
250,20.01.2021,0:58,ROSN,2741.49,1019,2793578.31,S,1
251,28.06.2003,7:30,ROSN,2627.68,1075,2824756.0,B,1
252,26.08.2008,23:38,ROSN,1137.81,365,415300.65,B,1
253,06.06.2019,23:01,ROSN,268.75,85,22843.75,B,1
254,11.11.2000,3:30,ROSN,4670.65,619,2891132.35,B,1
255,21.08.2013,11:28,ROSN,5.66,746,4222.36,B,1
256,03.02.2008,13:25,ROSN,710.74,464,329783.36,B,1
257,06.05.2005,22:28,ROSN,23.74,34,807.16,B,1
258,08.04.2001,1:16,ROSN,1116.1,775,864977.5,B,1
259,29.03.2012,14:02,ROSN,1475.93,1438,2122387.34,S,1
260,18.12.2010,18:03,ROSN,3356.33,558,1872832.14,B,1
261,22.05.2021,19:52,ROSN,1715.41,1869,3206101.29,B,1
262,14.01.2010,1:40,ROSN,2877.59,1093,3145205.87,B,1
263,04.12.2009,21:02,ROSN,1947.22,1035,2015372.7,B,1
264,09.11.2020,6:15,ROSN,4269.47,334,1426002.98,B,1
265,27.10.2011,5:54,ROSN,2348.64,945,2219464.8,B,1
266,31.08.2000,7:56,ROSN,732.08,1853,1356544.24,B,1
267,27.11.2001,3:06,ROSN,3163.52,17,53779.84,B,1
268,18.03.2002,16:48,ROSN,4669.12,1449,6765554.88,B,1
269,23.08.2003,2:49,ROSN,2756.74,56,154377.44,B,1
270,22.01.2019,15:00,ROSN,2328.58,584,1359890.72,S,1
271,15.09.2006,7:12,ROSN,4395.08,1775,7801267.0,S,1
272,16.02.2015,23:16,ROSN,3742.14,1309,4898461.26,S,1
273,26.12.2006,15:24,ROSN,3221.44,1310,4220086.4,B,1
274,25.08.2004,10:45,ROSN,1417.67,1499,2125087.33,S,1
275,17.12.2020,0:55,ROSN,1992.42,995,1982457.9,B,1
276,21.09.2022,3:11,ROSN,3786.99,1661,6290190.39,B,1
277,28.07.2000,15:06,ROSN,569.61,171,97403.31,B,1
278,16.04.2008,9:12,ROSN,4689.13,603,2827545.39,S,1
279,31.05.2015,2:15,ROSN,1460.4,78,113911.2,S,1
280,05.05.2015,23:42,ROSN,480.26,383,183939.58,B,1
281,08.08.2011,3:13,ROSN,4871.19,770,3750816.3,B,1
282,09.02.2004,17:45,ROSN,1638.78,1774,2907195.72,B,1
283,05.04.2002,14:08,ROSN,2768.19,1622,4490004.18,B,1
284,17.11.2018,15:29,ROSN,1003.9,1211,1215722.9,S,1
285,21.10.2005,14:12,ROSN,345.68,1623,561038.64,B,1
286,13.03.2001,10:14,ROSN,858.31,1558,1337246.98,S,1
287,17.03.2022,1:46,ROSN,3043.27,673,2048120.71,B,1
288,09.07.2015,0:23,ROSN,3359.13,76,255293.88,S,1
289,19.02.2008,1:55,ROSN,4319.61,1241,5360636.01,S,1
290,09.10.2015,16:36,ROSN,4377.98,1225,5363025.5,B,1
291,16.05.2008,14:25,ROSN,1995.52,1064,2123233.28,S,1
292,13.02.2004,11:30,ROSN,3604.76,1793,6463334.68,B,1
293,28.01.2003,19:29,ROSN,4546.23,1881,8551458.63,S,1
294,05.06.2007,0:32,ROSN,95.59,580,55442.2,B,1
295,23.02.2020,15:38,ROSN,1589.17,359,570512.03,B,1
296,28.04.2014,23:40,ROSN,1549.15,68,105342.2,S,1
297,20.06.2011,9:02,ROSN,2806.01,1771,4969443.71,S,1
298,22.05.2006,7:28,ROSN,3413.26,605,2065022.3,B,1
299,16.01.2020,13:10,ROSN,1382.19,327,451976.13,B,1
300,29.06.2020,0:01,ROSN,3668.94,805,2953496.7,S,1
301,29.08.2004,22:02,ROSN,1813.87,229,415376.23,B,1
302,29.02.2008,11:28,ROSN,455.4,1175,535095.0,S,1
303,02.03.2001,14:02,ROSN,4639.01,1748,8108989.48,B,1
304,11.03.2006,1:55,ROSN,4693.74,263,1234453.62,S,1
305,26.12.2001,11:37,ROSN,2257.2,570,1286604.0,S,1
306,15.10.2015,16:43,ROSN,2020.97,1641,3316411.77,B,1
307,25.10.2020,7:10,ROSN,88.34,173,15282.82,B,1
308,04.05.2002,12:04,ROSN,1675.38,104,174239.52,S,1
309,04.08.2020,13:45,ROSN,3415.67,1337,4566750.79,B,1
310,14.02.2005,9:24,ROSN,1163.83,1392,1620051.36,B,1
311,19.09.2007,13:22,ROSN,613.65,1325,813086.25,B,1
312,25.08.2007,12:01,ROSN,1440.2,1244,1791608.8,S,1
313,14.12.2013,18:44,ROSN,3389.51,523,1772713.73,B,1
314,09.04.2002,19:40,ROSN,927.69,659,611347.71,B,1
315,30.03.2004,18:10,ROSN,4781.72,619,2959884.68,B,1
316,01.03.2002,7:21,ROSN,2805.5,974,2732557.0,S,1
317,18.11.2017,12:37,ROSN,4022.02,1253,5039591.06,B,1
318,28.12.2013,5:49,ROSN,1927.89,1744,3362240.16,S,1
319,25.03.2014,15:23,ROSN,3343.56,610,2039571.6,B,1
320,29.10.2007,22:20,ROSN,1498.01,1858,2783302.58,B,1
321,03.08.2013,3:00,ROSN,1498.95,1389,2082041.55,B,1
322,21.06.2020,3:19,ROSN,594.08,1777,1055680.16,B,1
323,08.10.2013,10:08,ROSN,1806.83,1410,2547630.3,S,1
324,30.05.2010,9:19,ROSN,3055.29,1648,5035117.92,S,1
325,06.08.2004,14:09,ROSN,1016.14,374,380036.36,B,1
326,16.12.2019,3:32,ROSN,2582.32,1459,3767604.88,B,1
327,04.03.2021,3:02,ROSN,4759.65,862,4102818.3,B,1
328,17.05.2008,16:41,ROSN,4057.3,574,2328890.2,S,1
329,22.06.2005,20:59,ROSN,4384.89,230,1008524.7,B,1
330,12.07.2001,14:54,ROSN,3306.42,1575,5207611.5,B,1
331,14.03.2005,9:48,ROSN,2744.01,1769,4854153.69,B,1
332,17.10.2008,13:20,ROSN,2246.5,368,826712.0,B,1
333,11.03.2008,14:24,ROSN,3760.29,676,2541956.04,B,1
334,08.12.2015,18:57,ROSN,791.44,643,508895.92,S,1
335,01.03.2021,14:55,ROSN,4836.33,664,3211323.12,S,1
336,09.09.2009,11:41,ROSN,4095.64,1233,5049924.12,B,1
337,27.10.2004,4:32,ROSN,2497.28,1774,4430174.72,B,1
338,08.12.2006,2:11,ROSN,3353.16,1068,3581174.88,S,1
339,15.06.2010,18:39,ROSN,3276.41,898,2942216.18,B,1
340,27.12.2007,3:18,ROSN,4626.28,232,1073296.96,B,1
341,04.10.2002,8:21,ROSN,202.19,840,169839.6,S,1
342,13.06.2003,16:29,ROSN,2472.59,868,2146208.12,S,1
343,26.10.2008,2:22,ROSN,997.36,1900,1894984.0,B,1
344,20.03.2016,17:42,ROSN,3206.69,1541,4941509.29,S,1
345,18.02.2021,23:57,ROSN,4678.81,1940,9076891.4,S,1
346,29.02.2016,12:11,ROSN,4912.88,53,260382.64,S,1
347,08.12.2020,20:23,ROSN,2837.88,967,2744229.96,B,1
348,09.02.2019,18:25,ROSN,3993.01,1553,6201144.53,S,1
349,26.07.2023,20:31,ROSN,593.36,1549,919114.64,S,1
350,01.01.2004,13:00,ROSN,4781.46,818,3911234.28,B,1
351,02.01.2012,19:04,ROSN,4983.41,1763,8785751.83,S,1
352,30.10.2004,0:12,ROSN,2065.83,884,1826193.72,S,1
353,09.07.2012,12:32,ROSN,343.16,1443,495179.88,S,1
354,06.07.2015,17:58,ROSN,2055.67,1458,2997166.86,S,1
355,19.08.2006,13:51,ROSN,1359.37,1747,2374819.39,S,1
356,07.08.2010,7:41,ROSN,1809.57,653,1181649.21,B,1
357,23.10.2010,1:31,ROSN,1136.26,335,380647.1,B,1
358,06.05.2003,19:26,ROSN,1837.81,942,1731217.02,S,1
359,14.11.2001,15:52,ROSN,3812.98,967,3687151.66,S,1
360,22.01.2022,10:13,ROSN,3386.28,492,1666049.76,S,1
361,21.04.2001,13:36,ROSN,4359.25,1853,8077690.25,B,1
362,22.11.2001,16:15,ROSN,2372.57,1524,3615796.68,B,1
363,08.12.2008,18:08,ROSN,2678.77,96,257161.92,B,1
364,12.01.2013,16:06,ROSN,4241.18,1764,7481441.52,S,1
365,22.03.2012,10:04,ROSN,2307.28,1585,3657038.8,B,1
366,02.11.2023,15:42,ROSN,29.32,891,26124.12,S,1
367,03.07.2007,5:50,ROSN,4659.28,1700,7920776.0,S,1
368,09.11.2021,9:39,ROSN,4336.41,491,2129177.31,S,1
369,09.03.2002,8:21,ROSN,716.27,146,104575.42,S,1
370,28.08.2000,13:13,ROSN,4853.83,266,1291118.78,S,1
371,24.09.2004,16:48,ROSN,3526.51,489,1724463.39,S,1
372,28.06.2002,2:09,ROSN,1527.25,685,1046166.25,S,1
373,14.08.2002,15:21,ROSN,1205.2,378,455565.6,S,1
374,11.04.2002,21:50,ROSN,1021.24,1929,1969971.96,B,1
375,12.06.2020,2:38,ROSN,4314.17,853,3679987.01,S,1
376,03.10.2006,0:52,ROSN,3108.42,1326,4121764.92,B,1
377,21.12.2009,9:53,ROSN,3567.26,583,2079712.58,B,1
378,30.06.2016,8:31,ROSN,4498.86,608,2735306.88,B,1
379,06.01.2013,8:24,ROSN,4695.42,892,4188314.64,B,1
380,11.12.2020,2:16,ROSN,312.95,465,145521.75,S,1
381,10.01.2004,13:04,ROSN,2869.45,435,1248210.75,S,1
382,24.08.2000,15:10,ROSN,1510.57,996,1504527.72,B,1
383,17.12.2016,19:21,ROSN,299.74,1582,474188.68,S,1
384,17.11.2004,12:16,ROSN,4839.17,507,2453459.19,S,1
385,25.05.2012,20:33,ROSN,1627.22,1367,2224409.74,S,1
386,23.07.2007,14:54,ROSN,561.59,1049,589107.91,B,1
387,16.04.2008,1:24,ROSN,3170.5,1158,3671439.0,B,1
388,03.12.2008,12:59,ROSN,623.36,1157,721227.52,S,1
389,21.11.2011,6:16,ROSN,893.89,879,785729.31,B,1
390,11.11.2022,8:14,ROSN,3976.57,717,2851200.69,S,1
391,12.07.2019,22:23,ROSN,3666.96,760,2786889.6,B,1
392,05.03.2015,19:30,ROSN,1563.2,913,1427201.6,B,1
393,20.08.2016,11:40,ROSN,150.41,1477,222155.57,B,1
394,03.10.2001,10:05,ROSN,418.34,918,384036.12,S,1
395,11.01.2011,9:37,ROSN,3187.56,1183,3770883.48,S,1
396,09.12.2020,13:41,ROSN,3073.15,1662,5107575.3,B,1
397,08.08.2009,15:49,ROSN,3163.96,1641,5192058.36,B,1
398,18.05.2009,1:57,ROSN,4599.09,1642,7551705.78,B,1
399,20.04.2007,23:33,ROSN,3819.52,226,863211.52,S,1
400,23.10.2002,9:58,ROSN,525.13,1261,662188.93,B,1
401,20.05.2017,16:38,ROSN,4769.58,656,3128844.48,B,1
402,26.08.2012,21:51,ROSN,1225.93,95,116463.35,B,1
403,26.08.2000,9:45,ROSN,1797.31,857,1540294.67,S,1
404,15.09.2023,3:39,ROSN,1817.15,561,1019421.15,B,1
405,14.01.2013,18:48,ROSN,3790.37,1235,4681106.95,S,1
406,27.09.2010,22:04,ROSN,3805.62,574,2184425.88,S,1
407,19.04.2020,10:09,ROSN,841.41,755,635264.55,S,1
408,22.12.2009,20:30,ROSN,2210.36,1310,2895571.6,B,1
409,27.02.2012,14:10,ROSN,4759.66,1406,6692081.96,B,1
410,29.12.2014,18:45,ROSN,4174.38,741,3093215.58,B,1
411,18.11.2013,17:52,ROSN,1190.69,1768,2105139.92,S,1
412,12.06.2018,0:07,ROSN,4400.0,502,2208800.0,S,1
413,17.07.2001,8:24,ROSN,211.32,528,111576.96,B,1
414,15.03.2020,3:31,ROSN,434.57,1749,760062.93,B,1
415,28.02.2009,2:37,ROSN,1145.89,1091,1250165.99,S,1
416,25.02.2000,21:44,ROSN,1381.39,1983,2739296.37,S,1
417,19.05.2003,6:51,ROSN,4478.32,1515,6784654.8,B,1
418,22.08.2003,17:36,ROSN,3593.37,998,3586183.26,B,1
419,27.09.2023,12:38,ROSN,847.06,13,11011.78,S,1
420,19.09.2013,22:51,ROSN,3664.26,888,3253862.88,B,1
421,21.03.2005,1:45,ROSN,4429.41,1939,8588625.99,B,1
422,23.12.2009,6:08,ROSN,84.95,612,51989.4,B,1
423,10.09.2009,17:08,ROSN,1961.62,1311,2571683.82,B,1
424,06.04.2020,17:57,ROSN,2106.17,683,1438514.11,S,1
425,12.03.2004,9:48,ROSN,4051.9,203,822535.7,B,1
426,22.10.2000,20:36,ROSN,2285.34,461,1053541.74,B,1
427,27.11.2016,12:28,ROSN,3268.8,545,1781496.0,B,1
428,04.09.2001,8:19,ROSN,2069.59,1324,2740137.16,S,1
429,06.12.2018,19:02,ROSN,3221.53,1095,3527575.35,B,1
430,22.07.2007,19:50,ROSN,2413.5,587,1416724.5,B,1
431,13.06.2010,15:11,ROSN,408.6,800,326880.0,B,1
432,08.07.2020,20:47,ROSN,3712.52,924,3430368.48,B,1
433,04.10.2009,10:35,ROSN,4665.81,562,2622185.22,B,1
434,26.09.2002,13:40,ROSN,26.83,18,482.94,B,1
435,16.05.2009,0:29,ROSN,167.72,1734,290826.48,S,1
436,01.05.2020,11:00,ROSN,2402.15,585,1405257.75,S,1
437,14.09.2023,0:09,ROSN,4579.72,1830,8380887.6,B,1
438,01.08.2012,15:06,ROSN,4566.98,1212,5535179.76,S,1
439,04.05.2007,21:45,ROSN,4246.18,399,1694225.82,S,1
440,10.06.2019,6:36,ROSN,4651.65,326,1516437.9,B,1
441,10.08.2016,22:28,ROSN,24.55,521,12790.55,B,1
442,27.02.2005,10:47,ROSN,4605.09,498,2293334.82,B,1
443,25.01.2002,13:19,ROSN,4759.33,70,333153.1,B,1
444,18.04.2021,0:36,ROSN,676.63,178,120440.14,B,1
445,23.03.2001,2:38,ROSN,257.57,496,127754.72,S,1
446,12.05.2004,14:56,ROSN,1666.52,1645,2741425.4,S,1
447,28.12.2013,11:43,ROSN,1311.78,1018,1335392.04,B,1
448,04.07.2020,6:47,ROSN,1667.08,903,1505373.24,B,1
449,26.02.2018,21:04,ROSN,2265.19,871,1972980.49,B,1
450,31.01.2015,3:48,ROSN,1015.15,1761,1787679.15,S,1
451,26.01.2013,21:46,ROSN,23.12,1305,30171.6,B,1
452,08.07.2004,21:27,ROSN,1442.72,778,1122436.16,S,1
453,26.08.2020,9:32,ROSN,2126.79,164,348793.56,B,1
454,05.02.2022,17:01,ROSN,3575.59,1073,3836608.07,S,1
455,01.04.2003,22:03,ROSN,1246.94,1826,2276912.44,S,1
456,31.08.2007,17:41,ROSN,2489.92,155,385937.6,B,1
457,31.05.2021,16:26,ROSN,2604.81,854,2224507.74,S,1
458,07.12.2013,6:38,ROSN,3158.75,177,559098.75,B,1
459,10.07.2007,19:31,ROSN,3005.29,114,342603.06,B,1
460,10.05.2015,17:19,ROSN,2114.97,1617,3419906.49,S,1
461,26.02.2017,3:49,ROSN,1708.92,937,1601258.04,B,1
462,24.07.2016,1:10,ROSN,763.63,63,48108.69,B,1
463,02.02.2011,8:41,ROSN,1414.83,1448,2048673.84,B,1
464,24.09.2007,23:22,ROSN,167.31,1675,280244.25,B,1
465,25.04.2015,15:22,ROSN,4559.16,1458,6647255.28,B,1
466,17.09.2019,9:40,ROSN,372.87,761,283754.07,S,1
467,31.03.2023,19:14,ROSN,4596.36,1811,8324007.96,S,1
468,05.08.2017,11:33,ROSN,4323.92,166,717770.72,S,1
469,15.11.2021,19:16,ROSN,4889.92,1573,7691844.16,B,1
470,26.04.2015,11:11,ROSN,2135.31,1802,3847828.62,B,1
471,01.03.2003,8:48,ROSN,1443.17,311,448825.87,B,1
472,03.09.2018,13:24,ROSN,2182.15,1689,3685651.35,B,1
473,08.04.2015,21:40,ROSN,975.9,1550,1512645.0,S,1
474,07.04.2013,22:04,ROSN,2400.07,1606,3854512.42,S,1
475,15.03.2016,23:30,ROSN,1378.08,259,356922.72,B,1
476,07.10.2020,8:47,ROSN,333.81,302,100810.62,S,1
477,11.10.2020,13:46,ROSN,295.55,1563,461944.65,B,1
478,25.09.2007,11:19,ROSN,2071.68,1242,2573026.56,B,1
479,24.04.2017,1:30,ROSN,1290.97,1301,1679551.97,S,1
480,21.04.2007,22:03,ROSN,3340.58,795,2655761.1,S,1
481,20.12.2016,8:09,ROSN,4857.51,932,4527199.32,B,1
482,19.01.2020,23:29,ROSN,4104.41,1716,7043167.56,B,1
483,24.09.2019,19:13,ROSN,703.34,1344,945288.96,B,1
484,22.07.2006,18:17,ROSN,1604.32,330,529425.6,B,1
485,16.02.2001,10:23,ROSN,131.46,1322,173790.12,S,1
486,19.04.2021,6:37,ROSN,3997.65,123,491710.95,B,1
487,20.08.2016,9:50,ROSN,4457.6,360,1604736.0,B,1
488,05.11.2011,11:29,ROSN,1938.71,1847,3580797.37,B,1
489,03.03.2020,13:23,ROSN,773.43,688,532119.84,S,1
490,07.11.2006,14:48,ROSN,2480.61,859,2130843.99,B,1
491,15.03.2006,8:58,ROSN,1167.3,1199,1399592.7,S,1
492,22.09.2022,3:22,ROSN,2981.5,618,1842567.0,S,1
493,10.01.2023,21:26,ROSN,2487.7,1040,2587208.0,S,1
494,07.04.2017,1:20,ROSN,784.03,1524,1194861.72,S,1
495,15.04.2005,13:06,ROSN,4665.26,1624,7576382.24,B,1
496,16.01.2020,7:40,ROSN,588.48,42,24716.16,S,1
497,28.11.2001,19:51,ROSN,3433.11,1499,5146231.89,S,1
498,18.05.2018,18:08,ROSN,1671.19,1422,2376432.18,S,1
499,19.02.2011,14:44,ROSN,1302.13,986,1283900.18,B,1
500,08.01.2000,8:16,ROSN,501.21,1790,897165.9,B,1
501,08.06.2007,16:09,ROSN,4020.99,742,2983574.58,S,1
502,04.08.2015,12:48,ROSN,2585.59,1242,3211302.78,S,1
503,25.03.2011,13:21,ROSN,883.37,1452,1282653.24,B,1
504,07.07.2003,16:38,ROSN,4180.38,655,2738148.9,S,1
505,12.01.2003,9:10,ROSN,4981.3,521,2595257.3,B,1
506,11.01.2012,8:57,ROSN,997.23,1663,1658393.49,B,1
507,17.01.2018,3:46,ROSN,4473.84,148,662128.32,B,1
508,02.12.2017,3:39,ROSN,4386.52,1538,6746467.76,B,1
509,16.01.2005,11:04,ROSN,1910.9,1084,2071415.6,S,1
510,15.01.2015,6:12,ROSN,1409.1,1405,1979785.5,S,1
511,23.11.2009,10:47,ROSN,1137.8,1752,1993425.6,B,1
512,24.06.2017,7:51,ROSN,4134.41,264,1091484.24,B,1
513,30.11.2018,9:14,ROSN,2423.52,557,1349900.64,B,1
514,14.07.2020,16:18,ROSN,509.77,264,134579.28,S,1
515,06.11.2005,3:58,ROSN,1241.83,1720,2135947.6,S,1
516,23.06.2015,13:01,ROSN,2638.6,305,804773.0,B,1
517,09.04.2000,21:52,ROSN,346.49,1937,671151.13,B,1
518,25.02.2002,9:10,ROSN,4021.84,1280,5147955.2,S,1
519,18.07.2020,2:20,ROSN,1981.82,64,126836.48,S,1
520,22.11.2016,0:06,ROSN,512.49,1117,572451.33,S,1
521,23.05.2015,22:07,ROSN,2209.05,150,331357.5,B,1
522,02.10.2008,8:49,ROSN,3050.12,1865,5688473.8,B,1
523,17.11.2004,21:11,ROSN,3316.19,1668,5531404.92,B,1
524,11.04.2012,13:59,ROSN,1678.56,1246,2091485.76,B,1
525,30.03.2015,9:09,ROSN,3521.69,1738,6120697.22,S,1
526,14.12.2023,15:59,ROSN,1543.24,785,1211443.4,S,1
527,03.10.2005,18:35,ROSN,1418.79,68,96477.72,S,1
528,08.02.2017,12:32,ROSN,1372.23,1205,1653537.15,S,1
529,31.08.2022,18:40,ROSN,4582.54,702,3216943.08,B,1
530,05.07.2013,2:11,ROSN,3700.41,522,1931614.02,B,1
531,08.08.2017,15:15,ROSN,2166.58,1045,2264076.1,B,1
532,02.06.2008,9:56,ROSN,1591.68,610,970924.8,S,1
533,02.03.2010,16:30,ROSN,4183.96,331,1384890.76,B,1
534,01.05.2013,0:40,ROSN,3663.59,306,1121058.54,B,1
535,04.09.2011,15:27,ROSN,221.47,1288,285253.36,S,1
536,21.11.2013,2:59,ROSN,971.75,887,861942.25,B,1
537,09.02.2020,5:45,ROSN,3608.4,1729,6238923.6,B,1
538,16.10.2021,15:30,ROSN,4487.18,1535,6887821.3,S,1
539,06.03.2023,8:59,ROSN,3992.1,1738,6938269.8,S,1
540,19.06.2006,0:03,ROSN,2701.36,1379,3725175.44,B,1
541,24.05.2007,14:47,ROSN,1114.01,1088,1212042.88,B,1
542,05.01.2011,11:40,ROSN,1503.85,171,257158.35,B,1
543,27.08.2014,2:32,ROSN,509.43,1837,935822.91,S,1
544,09.08.2014,4:23,ROSN,330.19,1990,657078.1,S,1
545,01.09.2018,23:21,ROSN,2068.94,1183,2447556.02,S,1
546,02.04.2009,16:22,ROSN,3230.29,1980,6395974.2,B,1
547,20.11.2002,20:36,ROSN,4501.77,477,2147344.29,S,1
548,04.05.2009,18:17,ROSN,4609.6,314,1447414.4,S,1
549,31.05.2006,9:58,ROSN,2054.54,178,365708.12,S,1
550,16.02.2000,0:14,ROSN,2622.28,60,157336.8,B,1
551,06.07.2019,2:43,ROSN,1485.65,681,1011727.65,S,1
552,08.04.2001,12:45,ROSN,4014.49,1228,4929793.72,S,1
553,12.08.2002,18:30,ROSN,2240.28,1649,3694221.72,S,1
554,07.09.2002,2:21,ROSN,1049.99,1999,2098930.01,S,1
555,28.05.2018,1:34,ROSN,2069.18,1761,3643825.98,S,1
556,25.05.2006,11:32,ROSN,2140.17,908,1943274.36,B,1
557,16.06.2019,9:21,ROSN,872.27,781,681242.87,B,1
558,03.11.2013,22:25,ROSN,1685.31,1103,1858896.93,S,1
559,22.10.2022,21:38,ROSN,1782.36,1737,3095959.32,S,1
560,02.04.2011,2:31,ROSN,10.88,1167,12696.96,S,1
561,21.12.2001,18:48,ROSN,1925.46,1046,2014031.16,B,1
562,05.04.2000,3:44,ROSN,2866.05,1917,5494217.85,S,1
563,30.08.2014,22:39,ROSN,2242.12,971,2177098.52,S,1
564,09.08.2001,12:06,ROSN,4130.41,969,4002367.29,S,1
565,11.12.2014,16:07,ROSN,4352.1,557,2424119.7,B,1
566,04.11.2000,9:38,ROSN,3874.91,1541,5971236.31,S,1
567,02.04.2009,4:41,ROSN,4345.66,626,2720383.16,B,1
568,12.10.2020,7:10,ROSN,1286.41,1849,2378572.09,S,1
569,06.10.2009,1:31,ROSN,228.41,1563,357004.83,S,1
570,31.07.2010,12:42,ROSN,733.11,545,399544.95,B,1
571,29.10.2019,0:01,ROSN,4867.61,926,4507406.86,B,1
572,05.08.2005,22:17,ROSN,4154.56,331,1375159.36,S,1
573,14.10.2000,6:04,ROSN,2009.02,1057,2123534.14,S,1
574,29.01.2014,10:01,ROSN,3487.85,1271,4433057.35,S,1
575,15.07.2007,22:26,ROSN,3398.91,1306,4438976.46,B,1
576,07.12.2016,14:44,ROSN,4746.34,1685,7997582.9,B,1
577,18.02.2003,4:31,ROSN,1063.54,1216,1293264.64,S,1
578,12.02.2018,11:42,ROSN,4042.4,346,1398670.4,S,1
579,31.01.2008,15:01,ROSN,2663.58,1289,3433354.62,S,1
580,03.01.2022,0:02,ROSN,2900.03,1543,4474746.29,S,1
581,17.12.2015,13:57,ROSN,2345.14,416,975578.24,S,1
582,27.09.2007,21:32,ROSN,1979.74,1177,2330153.98,S,1
583,29.11.2005,21:19,ROSN,2817.65,265,746677.25,S,1
584,04.01.2016,17:16,ROSN,2122.65,818,1736327.7,B,1
585,20.08.2019,5:00,ROSN,2463.98,7,17247.86,S,1
586,22.09.2020,10:26,ROSN,2516.56,1002,2521593.12,S,1
587,10.05.2020,23:10,ROSN,2647.16,1759,4656354.44,S,1
588,02.03.2003,13:24,ROSN,4447.27,940,4180433.8,B,1
589,14.11.2011,0:50,ROSN,3006.21,1714,5152643.94,S,1
590,20.02.2012,16:01,ROSN,3068.97,501,1537553.97,S,1
591,17.02.2018,15:28,ROSN,3081.36,92,283485.12,B,1
592,15.08.2013,10:30,ROSN,270.91,1353,366541.23,B,1
593,17.12.2005,14:28,ROSN,1550.46,793,1229514.78,S,1
594,13.09.2006,20:26,ROSN,3198.4,556,1778310.4,S,1
595,14.04.2014,1:56,ROSN,4312.01,1244,5364140.44,S,1
596,17.08.2008,0:35,ROSN,3416.97,1830,6253055.1,S,1
597,13.06.2019,22:47,ROSN,2787.72,1844,5140555.68,B,1
598,09.12.2009,18:12,ROSN,2645.2,1644,4348708.8,B,1
599,10.02.2009,21:51,ROSN,3525.93,1799,6343148.07,S,1
600,08.08.2009,7:38,ROSN,3130.38,444,1389888.72,B,1
601,20.01.2006,16:45,ROSN,972.96,1768,1720193.28,B,1
602,10.09.2005,1:42,ROSN,3265.98,1533,5006747.34,S,1
603,01.03.2006,8:05,ROSN,940.41,1882,1769851.62,S,1
604,07.03.2023,1:34,ROSN,2956.56,131,387309.36,B,1
605,13.09.2015,12:30,ROSN,4105.11,1048,4302155.28,S,1
606,18.10.2021,23:50,ROSN,3829.69,939,3596078.91,S,1
607,21.11.2013,4:48,ROSN,4159.98,208,865275.84,S,1
608,13.11.2003,7:53,ROSN,929.79,950,883300.5,S,1
609,28.10.2005,15:23,ROSN,3229.63,1239,4001511.57,B,1
610,03.05.2011,22:59,ROSN,2372.33,608,1442376.64,S,1
611,12.06.2023,16:41,ROSN,3815.94,1689,6445122.66,B,1
612,22.11.2011,0:43,ROSN,4738.2,723,3425718.6,S,1
613,20.02.2008,6:02,ROSN,438.51,1858,814751.58,S,1
614,25.10.2009,12:43,ROSN,2677.36,1468,3930364.48,S,1
615,28.12.2020,19:34,ROSN,3292.13,504,1659233.52,B,1
616,14.09.2002,15:05,ROSN,1557.37,709,1104175.33,S,1
617,15.06.2023,5:38,ROSN,1772.38,287,508673.06,S,1
618,25.03.2019,22:44,ROSN,1879.23,890,1672514.7,S,1
619,31.01.2018,21:10,ROSN,1735.67,1290,2239014.3,S,1
620,15.03.2019,22:51,ROSN,4039.21,878,3546426.38,B,1
621,25.01.2016,12:39,ROSN,3754.0,1864,6997456.0,B,1
622,18.01.2008,10:22,ROSN,174.61,278,48541.58,B,1
623,27.12.2019,13:35,ROSN,1292.57,171,221029.47,S,1
624,08.08.2006,8:08,ROSN,325.31,233,75797.23,S,1
625,08.04.2012,19:49,ROSN,1918.98,338,648615.24,B,1
626,09.10.2005,1:28,ROSN,2537.28,1620,4110393.6,B,1
627,21.08.2023,5:50,ROSN,1813.56,337,611169.72,B,1
628,22.12.2003,18:43,ROSN,4715.51,230,1084567.3,S,1
629,30.04.2018,14:42,ROSN,4030.73,1841,7420573.93,S,1
630,13.01.2005,19:39,ROSN,359.37,911,327386.07,S,1
631,23.06.2009,12:16,ROSN,3985.84,775,3089026.0,S,1
632,05.10.2005,13:54,ROSN,2548.88,935,2383202.8,B,1
633,22.10.2009,15:56,ROSN,3826.44,1772,6780451.68,B,1
634,14.12.2019,23:07,ROSN,3770.5,1071,4038205.5,S,1
635,18.11.2005,14:40,ROSN,479.43,230,110268.9,B,1
636,20.08.2006,1:23,ROSN,1385.72,974,1349691.28,S,1
637,08.09.2021,6:33,ROSN,1868.6,662,1237013.2,B,1
638,27.05.2022,9:39,ROSN,3207.78,862,2765106.36,S,1
639,19.12.2002,8:16,ROSN,386.98,881,340929.38,B,1
640,04.06.2016,5:00,ROSN,3123.38,1010,3154613.8,S,1
641,10.05.2004,19:58,ROSN,35.77,547,19566.19,B,1
642,15.11.2020,1:21,ROSN,3837.08,1009,3871613.72,S,1
643,07.04.2007,15:27,ROSN,4827.39,1654,7984503.06,B,1
644,27.06.2006,7:02,ROSN,325.42,1252,407425.84,B,1
645,23.10.2013,7:35,ROSN,578.44,1459,843943.96,B,1
646,21.02.2014,22:44,ROSN,4788.28,1330,6368412.4,S,1
647,01.08.2016,8:55,ROSN,599.84,364,218341.76,B,1
648,28.02.2009,23:57,ROSN,732.42,1572,1151364.24,S,1
649,27.09.2013,6:47,ROSN,742.81,113,83937.53,B,1
650,19.01.2006,8:40,ROSN,155.16,1398,216913.68,S,1
651,22.12.2006,13:31,ROSN,1419.8,1843,2616691.4,S,1
652,30.07.2009,6:07,ROSN,2140.76,994,2127915.44,B,1
653,25.08.2013,23:57,ROSN,1740.88,768,1336995.84,B,1
654,09.11.2017,7:09,ROSN,215.92,1277,275729.84,S,1
655,05.04.2017,14:54,ROSN,4270.81,761,3250086.41,S,1
656,14.01.2007,11:14,ROSN,3397.93,1945,6608973.85,B,1
657,07.05.2005,10:40,ROSN,3732.8,1074,4009027.2,B,1
658,04.12.2004,2:31,ROSN,777.08,1834,1425164.72,B,1
659,25.10.2014,4:55,ROSN,2195.58,716,1572035.28,B,1
660,04.04.2023,11:27,ROSN,2607.21,965,2515957.65,S,1
661,14.05.2019,13:48,ROSN,1548.66,309,478535.94,B,1
662,09.06.2013,7:27,ROSN,64.33,462,29720.46,B,1
663,13.05.2020,7:07,ROSN,4999.58,1594,7969330.52,S,1
664,25.02.2002,1:06,ROSN,2233.17,1576,3519475.92,S,1
665,07.01.2009,3:05,ROSN,1887.3,779,1470206.7,B,1
666,26.05.2020,20:56,ROSN,3938.43,64,252059.52,B,1
667,01.02.2001,0:29,ROSN,4834.58,1384,6691058.72,S,1
668,08.04.2000,14:51,ROSN,2222.3,262,582242.6,B,1
669,03.07.2023,8:29,ROSN,450.82,966,435492.12,S,1
670,09.04.2017,23:14,ROSN,1679.67,1406,2361616.02,S,1
671,18.08.2007,14:38,ROSN,3966.08,1059,4200078.72,S,1
672,16.02.2022,13:14,ROSN,3215.34,909,2922744.06,S,1
673,10.05.2017,6:51,ROSN,2904.95,397,1153265.15,S,1
674,27.06.2008,11:10,ROSN,3304.98,198,654386.04,S,1
675,15.07.2007,12:57,ROSN,2715.72,1612,4377740.64,S,1
676,19.09.2006,11:18,ROSN,1828.4,789,1442607.6,B,1
677,19.10.2009,2:49,ROSN,2601.02,1220,3173244.4,B,1
678,20.10.2020,11:05,ROSN,360.03,176,63365.28,B,1
679,14.05.2022,15:49,ROSN,4735.5,1022,4839681.0,B,1
680,20.09.2002,12:22,ROSN,888.12,1937,1720288.44,S,1
681,25.07.2009,14:37,ROSN,1993.69,568,1132415.92,B,1
682,18.04.2008,1:11,ROSN,343.35,1700,583695.0,S,1
683,25.03.2003,3:32,ROSN,3124.99,1838,5743731.62,S,1
684,25.08.2020,3:54,ROSN,2261.77,1375,3109933.75,S,1
685,11.09.2011,7:22,ROSN,1326.46,1485,1969793.1,S,1
686,06.03.2011,23:06,ROSN,1206.49,1176,1418832.24,B,1
687,13.11.2022,2:51,ROSN,598.71,626,374792.46,S,1
688,18.06.2012,3:51,ROSN,1935.07,285,551494.95,B,1
689,19.12.2018,1:13,ROSN,3520.16,488,1717838.08,S,1
690,28.05.2001,18:17,ROSN,650.95,735,478448.25,B,1
691,29.06.2012,14:31,ROSN,2801.42,344,963688.48,B,1
692,21.09.2003,13:09,ROSN,4438.15,1205,5347970.75,S,1
693,14.02.2008,7:56,ROSN,192.7,1679,323543.3,S,1
694,08.07.2015,1:10,ROSN,1017.36,1780,1810900.8,B,1
695,14.10.2018,3:50,ROSN,1700.82,680,1156557.6,S,1
696,15.01.2019,3:05,ROSN,4370.17,182,795370.94,S,1
697,29.10.2005,3:19,ROSN,2992.32,1855,5550753.6,S,1
698,28.09.2019,23:53,ROSN,1362.44,601,818826.44,B,1
699,07.04.2014,15:21,ROSN,4405.37,201,885479.37,B,1
700,10.05.2018,23:26,ROSN,5.84,1389,8111.76,S,1
701,30.05.2000,8:19,ROSN,3363.91,1539,5177057.49,S,1
702,20.01.2013,7:10,ROSN,3019.93,223,673444.39,S,1
703,06.06.2023,5:11,ROSN,3455.55,471,1627564.05,S,1
704,30.01.2015,18:00,ROSN,3155.86,251,792120.86,S,1
705,25.08.2015,9:59,ROSN,2212.66,1386,3066746.76,S,1
706,10.03.2002,20:17,ROSN,3713.09,49,181941.41,B,1
707,26.03.2016,3:45,ROSN,835.83,1795,1500314.85,S,1
708,12.11.2021,22:49,ROSN,2791.52,1329,3709930.08,S,1
709,09.07.2013,16:16,ROSN,1999.27,872,1743363.44,B,1
710,13.09.2011,18:31,ROSN,2032.44,1311,2664528.84,S,1
711,07.06.2020,15:00,ROSN,3210.7,528,1695249.6,B,1
712,27.08.2007,23:02,ROSN,2652.71,206,546458.26,B,1
713,14.03.2010,14:49,ROSN,4988.12,1201,5990732.12,B,1
714,28.09.2014,7:23,ROSN,4236.98,1292,5474178.16,S,1
715,16.08.2006,10:07,ROSN,3217.69,16,51483.04,B,1
716,14.06.2011,1:24,ROSN,4455.42,956,4259381.52,B,1
717,25.09.2008,22:10,ROSN,4455.57,1376,6130864.32,S,1
718,17.06.2023,23:54,ROSN,4846.68,900,4362012.0,S,1
719,08.06.2016,7:39,ROSN,3222.92,1727,5565982.84,S,1
720,25.04.2006,8:07,ROSN,4135.07,1584,6549950.88,B,1
721,17.07.2018,18:33,ROSN,2645.18,893,2362145.74,S,1
722,06.03.2009,5:05,ROSN,4339.12,779,3380174.48,S,1
723,18.01.2020,23:38,ROSN,4469.01,164,732917.64,B,1
724,25.10.2009,19:03,ROSN,3914.54,214,837711.56,B,1
725,24.01.2019,9:54,ROSN,2808.1,1468,4122290.8,B,1
726,17.01.2009,20:42,ROSN,3534.32,1478,5223724.96,S,1
727,01.12.2017,19:46,ROSN,4906.88,144,706590.72,S,1
728,10.05.2015,16:13,ROSN,804.23,1149,924060.27,S,1
729,11.07.2001,14:58,ROSN,175.63,794,139450.22,S,1
730,06.06.2011,22:43,ROSN,1958.13,577,1129841.01,S,1
731,11.05.2006,23:00,ROSN,803.66,1084,871167.44,B,1
732,31.10.2016,22:29,ROSN,511.32,1828,934692.96,S,1
733,03.12.2022,23:21,ROSN,2766.73,1274,3524814.02,B,1
734,13.01.2023,10:46,ROSN,1322.4,1253,1656967.2,B,1
735,26.03.2000,20:46,ROSN,4584.46,828,3795932.88,B,1
736,06.05.2010,3:59,ROSN,2604.04,943,2455609.72,S,1
737,10.10.2008,6:11,ROSN,434.94,1622,705472.68,S,1
738,28.05.2015,12:01,ROSN,1834.35,564,1034573.4,B,1
739,27.01.2016,18:54,ROSN,901.09,85,76592.65,B,1
740,14.12.2007,1:18,ROSN,2021.19,563,1137929.97,B,1
741,29.04.2013,16:04,ROSN,191.52,1074,205692.48,B,1
742,27.03.2016,22:24,ROSN,4284.77,306,1311139.62,B,1
743,16.11.2014,8:26,ROSN,926.55,519,480879.45,B,1
744,01.12.2021,8:41,ROSN,3765.45,698,2628284.1,S,1
745,24.05.2023,15:57,ROSN,2730.27,1893,5168401.11,S,1
746,07.06.2013,21:16,ROSN,796.54,56,44606.24,S,1
747,02.02.2019,2:00,ROSN,1312.65,15,19689.75,B,1
748,03.06.2019,11:53,ROSN,3367.43,565,1902597.95,S,1
749,28.03.2005,11:49,ROSN,3385.5,1434,4854807.0,S,1
750,01.02.2019,15:38,ROSN,383.96,930,357082.8,S,1
751,15.06.2009,0:58,ROSN,2017.19,1844,3719698.36,B,1
752,29.04.2018,21:43,ROSN,2188.81,1848,4044920.88,S,1
753,12.07.2008,22:40,ROSN,629.36,1204,757749.44,S,1
754,24.01.2002,1:11,ROSN,2868.58,1730,4962643.4,S,1
755,07.10.2016,18:20,ROSN,2660.47,1357,3610257.79,B,1
756,10.01.2017,6:10,ROSN,3257.15,571,1859832.65,B,1
757,07.10.2007,16:35,ROSN,1521.97,1902,2894786.94,B,1
758,18.04.2005,14:35,ROSN,2907.38,741,2154368.58,S,1
759,12.10.2013,6:05,ROSN,3611.57,1721,6215511.97,B,1
760,12.06.2003,1:51,ROSN,2595.63,1600,4153008.0,B,1
761,03.01.2014,7:42,ROSN,4745.99,632,2999465.68,B,1
762,18.02.2008,2:04,ROSN,2321.32,1941,4505682.12,B,1
763,16.03.2023,10:57,ROSN,1894.58,1005,1904052.9,B,1
764,18.12.2007,13:53,ROSN,2565.23,981,2516490.63,B,1
765,11.03.2020,13:15,ROSN,2694.33,333,897211.89,S,1
766,09.11.2019,2:55,ROSN,3390.19,1453,4925946.07,B,1
767,21.01.2019,1:29,ROSN,4928.46,421,2074881.66,B,1
768,14.10.2005,0:14,ROSN,1261.05,551,694838.55,B,1
769,15.07.2015,22:00,ROSN,381.31,1919,731733.89,B,1
770,04.07.2012,14:02,ROSN,529.26,1332,704974.32,S,1
771,16.02.2011,1:34,ROSN,2359.87,1557,3674317.59,B,1
772,16.08.2014,6:30,ROSN,1767.27,1869,3303027.63,B,1
773,04.09.2008,4:18,ROSN,52.31,1456,76163.36,S,1
774,21.12.2001,22:42,ROSN,2166.81,225,487532.25,B,1
775,30.03.2004,20:28,ROSN,245.74,622,152850.28,B,1
776,31.10.2014,11:22,ROSN,3628.39,1499,5438956.61,S,1
777,03.07.2020,4:04,ROSN,3683.98,1941,7150605.18,B,1
778,07.04.2013,6:24,ROSN,2757.83,1015,2799197.45,B,1
779,27.10.2022,0:45,ROSN,4590.37,732,3360150.84,B,1
780,29.04.2012,10:08,ROSN,4201.48,1839,7726521.72,B,1
781,05.03.2019,16:18,ROSN,1361.17,227,308985.59,B,1
782,13.11.2006,8:32,ROSN,1522.26,444,675883.44,S,1
783,28.06.2001,7:49,ROSN,3706.84,1655,6134820.2,B,1
784,15.11.2014,5:03,ROSN,733.45,652,478209.4,B,1
785,06.09.2016,4:24,ROSN,3765.72,700,2636004.0,B,1
786,12.10.2008,11:25,ROSN,2904.51,1181,3430226.31,B,1
787,19.09.2023,11:28,ROSN,4642.74,1343,6235199.82,B,1
788,10.02.2023,21:53,ROSN,3930.74,1696,6666535.04,B,1
789,27.08.2005,16:03,ROSN,209.56,230,48198.8,B,1
790,06.04.2016,21:29,ROSN,3408.83,606,2065750.98,S,1
791,25.09.2018,11:43,ROSN,2199.48,525,1154727.0,B,1
792,25.09.2005,4:18,ROSN,2622.76,1414,3708582.64,S,1
793,25.08.2018,5:29,ROSN,3136.87,69,216444.03,S,1
794,16.07.2022,10:01,ROSN,4770.23,185,882492.55,S,1
795,22.03.2012,13:46,ROSN,2664.88,1250,3331100.0,B,1
796,24.11.2007,2:59,ROSN,3636.01,1206,4385028.06,B,1
797,22.08.2010,1:17,ROSN,4315.91,1612,6957246.92,S,1
798,18.11.2007,20:12,ROSN,1233.93,79,97480.47,S,1
799,29.02.2004,22:46,ROSN,4140.97,861,3565375.17,S,1
800,24.09.2005,16:40,ROSN,501.91,157,78799.87,S,1
801,01.09.2008,22:54,ROSN,679.96,1375,934945.0,S,1
802,24.01.2001,6:14,ROSN,4563.34,1639,7479314.26,S,1
803,21.06.2018,17:20,ROSN,2968.19,219,650033.61,B,1
804,12.10.2010,10:11,ROSN,3303.35,870,2873914.5,S,1
805,04.04.2022,14:23,ROSN,3170.61,1712,5428084.32,B,1
806,18.06.2021,1:58,ROSN,4651.2,1208,5618649.6,B,1
807,08.01.2005,11:39,ROSN,108.71,522,56746.62,B,1
808,27.10.2018,20:42,ROSN,3669.9,1663,6103043.7,S,1
809,30.03.2017,21:53,ROSN,861.49,365,314443.85,S,1
810,28.04.2022,11:00,ROSN,3660.78,1072,3924356.16,B,1
811,07.08.2016,22:23,ROSN,4865.18,32,155685.76,S,1
812,30.06.2015,9:22,ROSN,4868.73,1069,5204672.37,B,1
813,08.11.2008,15:51,ROSN,2054.02,1009,2072506.18,S,1
814,07.07.2013,6:01,ROSN,2009.24,303,608799.72,B,1
815,11.03.2010,16:38,ROSN,1054.96,1718,1812421.28,S,1
816,21.10.2005,11:07,ROSN,4653.68,219,1019155.92,B,1
817,20.09.2017,18:36,ROSN,881.28,1202,1059298.56,B,1
818,09.09.2000,2:45,ROSN,1997.26,1511,3017859.86,S,1
819,10.07.2006,5:17,ROSN,3443.62,1057,3639906.34,S,1
820,19.02.2013,9:34,ROSN,3455.84,412,1423806.08,S,1
821,01.09.2017,10:03,ROSN,3231.41,665,2148887.65,B,1
822,12.09.2020,8:02,ROSN,4538.12,268,1216216.16,B,1
823,01.08.2022,16:37,ROSN,2590.37,61,158012.57,S,1
824,14.09.2022,8:09,ROSN,2746.04,500,1373020.0,B,1
825,04.11.2011,21:51,ROSN,630.67,1852,1168000.84,B,1
826,22.10.2014,6:49,ROSN,4292.21,438,1879987.98,S,1
827,14.02.2023,13:43,ROSN,3023.31,1480,4474498.8,B,1
828,17.02.2018,12:14,ROSN,4722.27,1334,6299508.18,S,1
829,11.10.2020,1:51,ROSN,1748.88,796,1392108.48,S,1
830,07.08.2005,2:42,ROSN,1378.58,1906,2627573.48,S,1
831,13.02.2023,16:48,ROSN,3328.87,285,948727.95,B,1
832,05.01.2006,11:44,ROSN,3813.64,435,1658933.4,S,1
833,08.11.2019,18:07,ROSN,3695.42,1472,5439658.24,S,1
834,12.05.2003,14:37,ROSN,2295.45,387,888339.15,S,1
835,30.09.2015,17:06,ROSN,741.5,1314,974331.0,S,1
836,17.09.2011,22:28,ROSN,323.04,1877,606346.08,S,1
837,25.10.2020,3:51,ROSN,231.05,1719,397174.95,S,1
838,13.12.2007,18:18,ROSN,1941.8,669,1299064.2,S,1
839,13.09.2011,0:52,ROSN,3863.75,1966,7596132.5,S,1
840,08.03.2001,3:16,ROSN,1341.05,1758,2357565.9,S,1
841,08.04.2004,18:15,ROSN,4746.64,103,488903.92,S,1
842,05.12.2004,16:00,ROSN,3921.67,158,619623.86,S,1
843,04.10.2007,12:37,ROSN,4431.47,231,1023669.57,B,1
844,16.01.2004,17:52,ROSN,1174.33,1908,2240621.64,B,1
845,16.11.2009,1:10,ROSN,2529.58,1953,4940269.74,B,1
846,12.12.2003,23:52,ROSN,4680.43,1774,8303082.82,S,1
847,02.03.2003,13:46,ROSN,4208.16,673,2832091.68,S,1
848,18.10.2022,21:51,ROSN,4760.0,262,1247120.0,B,1
849,20.07.2002,15:06,ROSN,1725.38,29,50036.02,S,1
850,10.08.2020,6:52,ROSN,2230.52,49,109295.48,S,1
851,08.02.2012,17:23,ROSN,2035.13,1744,3549266.72,B,1
852,08.07.2016,18:35,ROSN,362.3,227,82242.1,S,1
853,29.08.2006,10:28,ROSN,3861.15,500,1930575.0,S,1
854,12.10.2016,1:57,ROSN,4738.28,1883,8922181.24,B,1
855,18.08.2005,21:14,ROSN,883.26,1495,1320473.7,S,1
856,27.08.2002,21:18,ROSN,3172.77,1793,5688776.61,B,1
857,13.07.2014,19:55,ROSN,3810.21,1585,6039182.85,B,1
858,16.01.2007,7:06,ROSN,564.38,728,410868.64,S,1
859,27.09.2004,15:28,ROSN,1498.99,45,67454.55,S,1
860,29.01.2015,18:42,ROSN,4555.98,1898,8647250.04,B,1
861,15.05.2019,22:29,ROSN,612.76,1558,954680.08,S,1
862,24.07.2013,14:00,ROSN,3780.0,197,744660.0,B,1
863,12.09.2019,6:23,ROSN,1321.11,1651,2181152.61,S,1
864,25.05.2006,17:35,ROSN,3943.51,689,2717078.39,S,1
865,09.08.2022,4:08,ROSN,2798.63,216,604504.08,B,1
866,19.11.2023,8:47,ROSN,1863.58,1467,2733871.86,B,1
867,01.01.2001,19:30,ROSN,363.53,176,63981.28,S,1
868,30.11.2020,0:27,ROSN,1542.78,40,61711.2,B,1
869,16.10.2001,1:46,ROSN,142.18,1697,241279.46,S,1
870,03.02.2016,12:24,ROSN,1200.69,651,781649.19,B,1
871,09.02.2003,8:31,ROSN,3237.05,1325,4289091.25,B,1
872,23.01.2009,4:30,ROSN,1003.09,1464,1468523.76,S,1
873,16.06.2012,8:24,ROSN,3549.26,437,1551026.62,S,1
874,07.07.2016,22:16,ROSN,1676.62,635,1064653.7,B,1
875,01.03.2013,3:22,ROSN,2279.35,307,699760.45,B,1
876,28.01.2020,3:37,ROSN,4459.98,516,2301349.68,B,1
877,30.12.2005,13:03,ROSN,1140.24,358,408205.92,S,1
878,06.07.2016,1:07,ROSN,1639.12,1318,2160360.16,B,1
879,28.07.2021,6:46,ROSN,3526.85,573,2020885.05,B,1
880,21.12.2000,1:33,ROSN,2808.89,1298,3645939.22,S,1
881,19.12.2014,7:15,ROSN,2628.96,1480,3890860.8,B,1
882,09.03.2005,3:05,ROSN,3156.54,539,1701375.06,S,1
883,02.05.2001,11:04,ROSN,1937.54,417,807954.18,B,1
884,26.03.2014,20:09,ROSN,1232.61,56,69026.16,B,1
885,24.09.2015,7:40,ROSN,1635.96,901,1473999.96,S,1
886,03.11.2007,19:14,ROSN,1979.69,1204,2383546.76,B,1
887,18.06.2011,9:01,ROSN,3528.17,1212,4276142.04,B,1
888,30.11.2011,13:10,ROSN,1388.72,812,1127640.64,B,1
889,14.02.2001,11:25,ROSN,2869.06,1332,3821587.92,B,1
890,03.06.2015,10:23,ROSN,2965.62,154,456705.48,S,1
891,21.09.2018,2:34,ROSN,3531.5,278,981757.0,B,1
892,12.06.2011,12:36,ROSN,4873.33,1776,8655034.08,B,1
893,12.12.2007,10:20,ROSN,880.92,945,832469.4,B,1
894,09.11.2012,23:06,ROSN,3810.72,1825,6954564.0,B,1
895,26.06.2001,4:17,ROSN,2880.7,1961,5649052.7,B,1
896,14.03.2012,12:54,ROSN,2417.46,1466,3543996.36,B,1
897,20.02.2011,15:50,ROSN,2618.44,764,2000488.16,S,1
898,12.06.2019,12:09,ROSN,1896.9,1630,3091947.0,B,1
899,14.01.2004,21:21,ROSN,723.85,415,300397.75,S,1
900,17.06.2021,1:42,ROSN,1173.09,1113,1305649.17,B,1
901,13.12.2006,21:54,ROSN,1327.28,77,102200.56,B,1
902,13.07.2022,13:06,ROSN,1773.73,640,1135187.2,S,1
903,28.09.2022,7:46,ROSN,1818.1,1389,2525340.9,S,1
904,01.10.2014,3:13,ROSN,96.47,259,24985.73,B,1
905,19.12.2004,12:08,ROSN,1700.2,1191,2024938.2,B,1
906,24.06.2002,10:08,ROSN,4669.43,448,2091904.64,B,1
907,09.09.2012,7:42,ROSN,3783.45,1734,6560502.3,B,1
908,27.06.2023,23:03,ROSN,2681.86,1125,3017092.5,S,1
909,23.08.2000,11:21,ROSN,2474.81,1427,3531553.87,B,1
910,30.10.2013,13:01,ROSN,1082.2,1612,1744506.4,B,1
911,07.02.2023,21:38,ROSN,199.24,134,26698.16,B,1
912,01.05.2014,16:13,ROSN,2707.33,922,2496158.26,B,1
913,28.03.2014,7:50,ROSN,1293.5,766,990821.0,B,1
914,04.10.2008,1:28,ROSN,1378.44,972,1339843.68,B,1
915,06.03.2013,14:47,ROSN,2395.27,1437,3442002.99,B,1
916,16.05.2019,3:03,ROSN,280.43,664,186205.52,S,1
917,18.01.2008,19:16,ROSN,1628.68,1908,3107521.44,S,1
918,16.03.2011,23:44,ROSN,4528.28,1148,5198465.44,B,1
919,09.01.2020,0:00,ROSN,2316.98,718,1663591.64,B,1
920,17.02.2002,18:36,ROSN,3201.47,1224,3918599.28,B,1
921,16.04.2000,16:50,ROSN,4867.15,1876,9130773.4,B,1
922,27.04.2008,14:41,ROSN,3563.83,1506,5367127.98,S,1
923,07.08.2016,13:27,ROSN,3804.17,1591,6052434.47,B,1
924,11.11.2006,18:51,ROSN,3848.93,561,2159249.73,S,1
925,29.04.2019,20:22,ROSN,1245.63,433,539357.79,S,1
926,25.05.2006,20:54,ROSN,3757.43,562,2111675.66,S,1
927,03.08.2015,16:14,ROSN,584.7,1915,1119700.5,B,1
928,17.04.2020,4:11,ROSN,2865.22,1096,3140281.12,S,1
929,01.07.2009,7:43,ROSN,741.94,353,261904.82,B,1
930,28.10.2014,13:45,ROSN,1611.94,1996,3217432.24,S,1
931,08.05.2021,2:56,ROSN,1304.54,55,71749.7,S,1
932,21.07.2017,2:20,ROSN,2927.73,675,1976217.75,B,1
933,14.04.2000,6:57,ROSN,3138.13,928,2912184.64,S,1
934,13.06.2009,12:45,ROSN,2914.57,1276,3718991.32,B,1
935,16.05.2020,13:50,ROSN,2763.25,1700,4697525.0,S,1
936,01.01.2006,15:37,ROSN,2396.78,185,443404.3,S,1
937,07.05.2015,18:28,ROSN,1979.84,1884,3730018.56,B,1
938,08.04.2012,2:53,ROSN,855.08,447,382220.76,S,1
939,13.03.2007,17:22,ROSN,2207.5,1307,2885202.5,B,1
940,01.08.2001,12:17,ROSN,4250.56,1509,6414095.04,S,1
941,27.06.2008,1:54,ROSN,4110.39,1383,5684669.37,B,1
942,08.04.2020,10:03,ROSN,1987.21,218,433211.78,S,1
943,02.07.2020,0:02,ROSN,815.75,1053,858984.75,S,1
944,24.12.2016,19:26,ROSN,437.08,105,45893.4,S,1
945,17.12.2001,23:58,ROSN,3751.11,580,2175643.8,S,1
946,12.08.2006,13:57,ROSN,1472.86,1666,2453784.76,S,1
947,21.07.2003,20:37,ROSN,3539.9,251,888514.9,B,1
948,05.12.2016,16:07,ROSN,4270.97,1543,6590106.71,B,1
949,06.05.2005,3:52,ROSN,3371.76,578,1948877.28,S,1
950,15.04.2001,0:31,ROSN,3467.0,1700,5893900.0,S,1
951,29.06.2015,7:13,ROSN,1485.55,719,1068110.45,S,1
952,19.03.2022,8:20,ROSN,3896.21,501,1952001.21,S,1
953,17.06.2011,20:40,ROSN,821.3,164,134693.2,B,1
954,31.08.2022,22:43,ROSN,1571.98,1568,2464864.64,B,1
955,19.02.2006,3:21,ROSN,1868.47,1702,3180135.94,S,1
956,10.11.2017,11:53,ROSN,4572.74,908,4152047.92,B,1
957,15.06.2023,16:21,ROSN,1914.2,917,1755321.4,B,1
958,01.04.2005,18:20,ROSN,873.91,1415,1236582.65,S,1
959,27.06.2016,4:20,ROSN,4377.76,308,1348350.08,B,1
960,23.01.2017,12:25,ROSN,2105.6,170,357952.0,B,1
961,29.04.2011,16:41,ROSN,880.19,903,794811.57,S,1
962,18.10.2006,23:27,ROSN,482.55,414,199775.7,B,1
963,13.11.2021,1:43,ROSN,3769.03,1135,4277849.05,B,1
964,14.05.2012,4:17,ROSN,2113.03,477,1007915.31,S,1
965,08.07.2010,22:57,ROSN,2852.96,1163,3317992.48,S,1
966,26.06.2018,1:02,ROSN,1100.4,1251,1376600.4,S,1
967,05.12.2015,17:38,ROSN,681.22,1621,1104257.62,B,1
968,04.07.2004,21:12,ROSN,3479.34,108,375768.72,S,1
969,03.06.2004,9:47,ROSN,1762.91,1450,2556219.5,S,1
970,17.06.2016,20:50,ROSN,3477.85,104,361696.4,B,1
971,11.11.2022,18:54,ROSN,1904.3,243,462744.9,B,1
972,11.04.2017,22:58,ROSN,4508.13,32,144260.16,S,1
973,15.03.2000,16:19,ROSN,4524.0,1701,7695324.0,B,1
974,16.08.2021,6:41,ROSN,831.23,876,728157.48,S,1
975,14.06.2022,2:26,ROSN,1677.12,1685,2825947.2,S,1
976,18.02.2020,18:00,ROSN,2197.32,548,1204131.36,S,1
977,21.11.2017,1:37,ROSN,3613.38,248,896118.24,S,1
978,16.07.2018,16:19,ROSN,3337.69,1441,4809611.29,B,1
979,09.01.2018,20:38,ROSN,2216.57,1618,3586410.26,S,1
980,04.11.2001,22:27,ROSN,1812.28,1206,2185609.68,S,1
981,06.10.2018,17:57,ROSN,2647.24,12,31766.88,B,1
982,13.05.2009,8:46,ROSN,440.6,1201,529160.6,S,1
983,19.10.2012,10:28,ROSN,2737.19,1658,4538261.02,B,1
984,01.01.2019,4:42,ROSN,3779.92,986,3727001.12,S,1
985,23.05.2009,3:01,ROSN,486.02,233,113242.66,S,1
986,30.04.2010,10:17,ROSN,2473.58,810,2003599.8,B,1
987,23.12.2017,21:58,ROSN,4568.47,128,584764.16,B,1
988,05.03.2019,22:52,ROSN,4032.93,262,1056627.66,B,1
989,05.09.2018,4:15,ROSN,4176.22,1575,6577546.5,B,1
990,22.01.2016,17:25,ROSN,1519.4,1610,2446234.0,S,1
991,30.04.2001,7:20,ROSN,4734.15,389,1841584.35,S,1
992,24.05.2012,22:47,ROSN,1622.24,1526,2475538.24,B,1
993,05.06.2020,12:18,ROSN,597.39,1563,933720.57,S,1
994,07.07.2005,22:48,ROSN,336.18,657,220870.26,B,1
995,04.07.2020,12:53,ROSN,2172.09,1855,4029226.95,S,1
996,18.09.2007,18:46,ROSN,4817.57,1692,8151328.44,S,1
997,13.02.2009,21:15,ROSN,3401.04,982,3339821.28,B,1
998,16.05.2000,2:07,ROSN,1484.54,1062,1576581.48,S,1
999,01.04.2004,5:39,ROSN,3053.31,1289,3935716.59,S,1
1000,17.12.2021,12:08,ROSN,4742.23,1589,7535403.47,S,1
